id,user_id,order_date,status
1,31,2024-12-28T11:18:02,delivered
2,13,2024-07-14T08:46:51,pending
3,7,2025-05-08T00:52:18,delivered
4,23,2025-10-23T06:00:23,delivered
5,27,2025-09-25T02:23:18,delivered
6,47,2023-08-13T14:43:48,pending
7,44,2024-10-26T18:47:20,pending
8,4,2025-04-04T08:09:12,delivered
9,47,2025-11-14T00:17:09,shipped
10,7,2025-07-08T16:16:19,processing
11,13,2024-10-31T08:53:22,processing
12,35,2025-02-23T15:28:17,delivered
13,9,2024-03-21T10:43:28,delivered
14,12,2025-10-01T10:50:04,shipped
15,30,2025-05-04T04:18:22,processing
16,5,2024-05-09T19:02:54,delivered
17,36,2025-10-30T21:31:51,pending
18,4,2025-07-07T13:31:33,cancelled
19,1,2025-10-23T14:33:54,pending
20,49,2025-02-17T10:11:51,processing
21,11,2025-07-18T02:42:40,delivered
22,32,2025-04-10T09:47:57,delivered
23,14,2025-10-25T20:48:38,delivered
24,4,2025-01-03T16:50:26,processing
25,25,2025-10-04T06:33:06,pending
26,25,2025-10-22T22:33:44,shipped
27,30,2025-01-13T23:17:40,shipped
28,28,2024-08-13T00:10:41,cancelled
29,43,2025-10-04T05:23:57,delivered
30,10,2025-06-03T06:34:18,processing
31,19,2025-03-09T01:53:14,processing
32,4,2025-03-15T07:22:00,cancelled
33,48,2023-02-10T06:47:55,cancelled
34,4,2025-07-15T23:01:12,shipped
35,4,2025-03-06T11:10:56,pending
36,38,2025-07-16T16:53:17,delivered
37,33,2025-10-17T05:14:40,cancelled
38,11,2025-06-26T06:11:02,pending
39,33,2025-08-26T16:09:29,pending
40,12,2025-10-26T07:42:11,pending
41,39,2025-09-15T07:36:37,pending
42,44,2024-06-04T00:37:01,processing
43,26,2024-11-13T17:41:19,pending
44,37,2025-11-05T20:01:00,processing
45,38,2025-10-25T13:12:22,cancelled
46,3,2024-01-28T02:05:34,cancelled
47,6,2025-01-08T13:07:18,delivered
48,43,2025-07-07T23:00:30,cancelled
49,37,2025-07-05T07:00:25,cancelled
50,21,2024-05-01T07:54:13,shipped
51,14,2024-03-09T19:40:04,shipped
52,16,2025-04-15T04:24:29,shipped
53,26,2025-05-29T16:00:12,processing
54,43,2025-10-08T20:38:19,shipped
55,30,2025-06-25T02:38:49,shipped
56,49,2025-10-25T23:42:50,pending
57,1,2025-10-12T16:56:44,delivered
58,40,2025-10-05T23:36:11,cancelled
59,7,2025-08-25T23:05:33,pending
60,35,2025-03-15T08:29:31,processing
61,33,2025-04-17T13:40:06,shipped
62,9,2024-01-16T21:56:01,shipped
63,5,2024-06-16T07:32:40,processing
64,24,2024-08-15T20:28:17,shipped
65,11,2025-09-08T22:22:31,delivered
66,35,2024-05-01T02:24:28,shipped
67,40,2025-05-27T00:40:42,cancelled
68,1,2025-11-02T06:31:03,cancelled
69,20,2025-04-18T13:17:50,pending
70,9,2024-11-07T05:30:30,shipped
71,8,2025-02-02T00:27:33,pending
72,48,2025-03-31T10:59:22,cancelled
73,10,2024-12-09T15:54:24,shipped
74,19,2025-05-20T08:04:25,cancelled
75,14,2025-08-04T16:58:15,shipped
76,14,2025-03-05T19:42:41,shipped
77,33,2025-08-17T08:08:53,delivered
78,17,2025-02-28T22:53:23,pending
79,6,2025-05-02T18:35:30,delivered
80,18,2025-03-01T18:00:15,pending
81,1,2025-10-14T04:35:18,shipped
82,50,2025-05-29T13:43:53,processing
83,41,2025-06-17T00:05:42,shipped
84,11,2025-07-03T09:51:14,delivered
85,36,2024-01-21T07:22:05,delivered
86,36,2024-05-12T01:03:13,pending
87,8,2024-08-01T05:12:56,pending
88,45,2024-04-05T03:39:44,processing
89,35,2025-07-29T13:47:25,pending
90,24,2024-06-20T05:38:43,cancelled
91,36,2024-05-10T10:09:21,processing
92,28,2024-07-01T07:41:39,processing
93,3,2024-12-16T02:17:08,shipped
94,24,2024-11-09T03:24:43,pending
95,23,2025-09-15T06:56:55,processing
96,44,2025-06-26T05:15:29,processing
97,43,2025-10-15T20:41:09,pending
98,23,2025-07-27T15:49:11,cancelled
99,27,2025-07-06T15:06:59,cancelled
100,48,2023-06-01T20:40:12,processing
101,16,2025-03-27T20:06:49,processing
102,12,2025-04-14T12:35:01,delivered
103,2,2025-07-21T04:47:46,processing
104,48,2024-07-10T07:24:24,shipped
105,27,2025-05-27T09:53:38,processing
106,18,2024-07-09T10:30:26,processing
107,45,2024-01-14T06:44:42,pending
108,25,2025-10-08T03:34:19,pending
109,31,2024-09-15T12:20:52,processing
110,13,2024-08-08T21:24:06,delivered
111,23,2024-12-29T01:32:46,shipped
112,15,2025-03-02T18:58:36,processing
113,2,2025-08-02T18:06:11,processing
114,26,2024-03-20T11:18:19,shipped
115,18,2025-04-28T10:26:20,pending
116,50,2025-03-11T07:59:03,shipped
117,23,2025-11-11T19:39:52,cancelled
118,26,2023-09-25T08:33:07,cancelled
119,22,2025-11-10T16:19:10,pending
120,8,2024-07-07T23:26:41,shipped
121,12,2025-06-20T18:27:47,cancelled
122,17,2025-06-07T12:32:45,pending
123,7,2025-06-08T17:48:50,cancelled
124,28,2025-01-10T10:43:41,shipped
125,47,2023-12-14T01:31:53,shipped
126,28,2023-10-18T23:45:11,cancelled
127,33,2025-07-17T22:13:07,pending
128,25,2025-11-11T05:48:07,cancelled
129,13,2024-10-01T03:39:58,shipped
130,3,2023-03-06T10:14:01,delivered
131,1,2025-10-20T11:48:21,cancelled
132,35,2025-05-22T00:58:28,processing
133,24,2023-12-30T16:44:32,delivered
134,5,2025-08-29T14:33:17,shipped
135,40,2024-11-11T19:55:48,shipped
136,43,2025-08-04T10:47:59,pending
137,47,2023-10-20T10:26:41,shipped
138,33,2025-08-06T20:54:07,shipped
139,43,2025-07-22T12:40:21,delivered
140,21,2024-06-14T16:58:07,delivered
141,45,2024-04-04T07:05:51,shipped
142,36,2025-04-24T09:04:58,processing
143,13,2025-10-18T11:30:28,delivered
144,43,2025-10-29T17:51:11,delivered
145,44,2025-08-10T00:10:21,processing
146,40,2025-03-25T11:41:51,cancelled
147,20,2025-05-06T04:44:18,delivered
148,36,2025-06-16T17:23:14,pending
149,20,2025-08-11T01:03:11,shipped
150,14,2024-08-21T06:47:26,delivered
151,38,2025-10-03T16:10:44,cancelled
152,42,2024-11-11T23:05:11,shipped
153,30,2024-06-02T01:34:42,delivered
154,29,2025-03-17T11:16:14,processing
155,33,2025-05-04T06:20:12,delivered
156,48,2025-07-31T17:28:22,processing
157,43,2025-07-25T06:09:46,pending
158,19,2024-06-16T03:02:11,cancelled
159,43,2025-11-04T10:48:43,cancelled
160,22,2025-09-01T04:26:06,pending
161,49,2024-10-07T15:51:42,processing
162,44,2025-10-14T06:24:39,shipped
163,15,2024-03-01T01:03:43,processing
164,10,2024-07-17T15:33:39,pending
165,3,2023-12-02T12:52:33,processing
166,31,2024-04-12T09:31:08,cancelled
167,50,2025-09-01T20:44:19,pending
168,30,2023-06-10T06:47:56,delivered
169,41,2025-05-11T03:49:58,cancelled
170,13,2024-07-06T14:48:24,delivered
171,32,2025-06-16T08:55:33,delivered
172,16,2025-07-05T09:48:19,processing
173,42,2025-07-26T06:02:14,pending
174,49,2025-03-16T02:18:14,pending
175,50,2025-05-23T14:31:53,delivered
176,15,2024-01-23T08:04:08,processing
177,45,2024-07-01T02:01:49,cancelled
178,30,2024-05-06T05:30:23,pending
179,36,2024-09-29T01:29:44,processing
180,8,2025-05-29T03:36:48,delivered
181,9,2025-09-03T07:31:28,delivered
182,43,2025-10-02T03:38:24,cancelled
183,36,2023-11-05T10:45:52,cancelled
184,21,2025-05-21T20:08:15,delivered
185,40,2025-03-31T11:55:10,cancelled
186,28,2024-09-14T03:36:05,cancelled
187,29,2025-09-03T17:25:40,processing
188,48,2025-08-24T16:38:12,delivered
189,29,2025-04-02T21:43:26,shipped
190,49,2025-08-11T15:50:44,processing
191,41,2025-05-27T04:39:06,shipped
192,50,2025-07-14T14:22:49,cancelled
193,32,2024-10-31T05:11:30,processing
194,18,2025-07-20T19:54:42,delivered
195,5,2024-02-29T11:09:02,shipped
196,16,2025-09-19T23:11:59,shipped
197,22,2025-08-20T03:19:38,shipped
198,35,2024-06-04T18:49:48,pending
199,9,2025-08-08T16:48:55,processing
200,15,2024-04-17T11:05:40,delivered
