id,name,email,join_date
1,Kimberly Garza,johnsonjeffery@example.net,2025-10-01T00:56:53
2,Cristian Santos,lrobinson@example.com,2025-06-07T00:38:52
3,Caitlin Henderson,eric51@example.org,2022-11-24T22:03:14
4,Ryan Munoz,blairamanda@example.com,2024-06-27T00:28:45
5,Sandra Montgomery,barbara10@example.net,2023-03-17T05:38:49
6,Victoria Wyatt,jamesshawn@example.com,2023-11-03T20:25:34
7,Daniel Adams,lynchgeorge@example.net,2023-07-25T11:56:49
8,James Mayo,gabriellecameron@example.org,2023-11-30T02:58:32
9,Renee Morales,clarksherri@example.net,2023-11-05T15:17:37
10,Jonathan Wilkerson,ithomas@example.org,2024-03-17T15:48:16
11,Nicole Patterson,icox@example.net,2025-04-04T21:05:01
12,Anthony Rodriguez,laurahenderson@example.org,2024-12-20T11:22:00
13,Zachary Rice,frazierdanny@example.net,2024-07-04T12:55:40
14,Gina Carter,shawnmckay@example.net,2024-01-03T07:43:36
15,Pamela Romero,harrellkenneth@example.net,2023-12-28T23:37:05
16,Brittany Farmer,georgetracy@example.org,2025-01-11T10:48:24
17,Sandra Parker,allenashley@example.org,2024-05-31T16:39:59
18,Rose Spence,davidalvarez@example.net,2023-03-27T21:09:17
19,Shane Henderson,sarahcampos@example.net,2023-07-29T08:08:31
20,Jennifer Powers,samuel87@example.org,2023-09-23T07:13:04
21,George Chapman,briannasmith@example.net,2023-12-04T22:21:14
22,Austin Johnson,chad34@example.net,2025-07-22T04:59:11
23,Carlos Walls,esanchez@example.com,2024-12-07T21:19:37
24,Matthew Gomez,uowens@example.org,2023-09-06T14:45:32
25,Maria Brown,lauren13@example.org,2025-09-25T20:36:45
26,Brenda White,ewright@example.com,2023-09-06T07:15:53
27,Matthew Fernandez,novaksara@example.org,2025-03-18T17:22:39
28,John Hancock,martinaaron@example.com,2023-07-31T04:17:25
29,Rachel Mitchell,smoore@example.org,2023-12-31T19:14:57
30,Kimberly Adkins,williamsthomas@example.net,2023-02-13T16:10:40
31,Jordan York,larsonemma@example.org,2023-07-17T09:16:49
32,Steve Sanchez,harveyrobert@example.net,2024-08-03T01:36:23
33,Taylor Harris,john62@example.net,2025-04-10T20:56:59
34,Eugene Walton,smithchristine@example.net,2025-08-13T13:46:35
35,Daniel Baker,nicole35@example.com,2023-04-19T03:20:02
36,Joshua Turner,contrerasangela@example.net,2023-07-17T20:59:27
37,Brandy Wilson,newtoneric@example.com,2023-04-24T17:44:50
38,Grant Watts,william40@example.org,2025-06-11T09:27:11
39,Donald Smith,danagreen@example.net,2025-07-27T03:36:03
40,Jessica Smith,landryhannah@example.org,2024-10-01T04:35:04
41,Jacob Tran,tanderson@example.com,2025-03-11T08:50:35
42,Christine Wright,gomezanita@example.com,2023-01-15T19:09:05
43,Tammy Young,theresacochran@example.com,2025-07-05T23:42:03
44,Tim Patton,vpham@example.org,2022-12-23T07:51:55
45,Michael Reyes,garrisonjeffrey@example.com,2024-01-03T07:00:02
46,Robert Perez,kellerraymond@example.com,2024-05-10T23:58:25
47,Diana May,ifrazier@example.com,2023-03-02T15:57:21
48,Wesley White,benjamin96@example.com,2022-12-27T16:47:07
49,William Wilson,jonathanfletcher@example.org,2024-03-16T02:30:02
50,Kimberly Ball,michaeljones@example.net,2025-01-30T11:47:53
